locus_id,contig,motifs_present,strand_set,motif_count,contig_locus_start,contig_locus_stop,block_contig_start,block_contig_stop,ref_chr,chr_label,block_ref_start,block_ref_stop,block_strand,block_mapq,block_percent_identity,block_aln_len
L1,contig_10,"Hyg,MhFAR",forward,2,2137308,2140555,2454,2254851,NC_006067.1,ChrA,163,2302411,-,60,90.27704547493815,2340410
L2,contig_13,"FAA1,FAT1,URA3",reverse,3,2292786,2299560,17260,3064299,NC_006068.1,ChrB,101,3066344,-,60,96.1523534379248,3076478
L3,contig_5,"GFP,MhFAR",forward,2,470702,473921,13,1316570,NC_006071.1,ChrE,2873922,4213648,+,60,96.96814515919245,1345447
L4,contig_8,FAT1,reverse,1,1923117,1925255,45544,2887262,NC_006071.1,ChrE,18,2873886,+,60,95.46986382073156,2888986
L5,contig_9,FAA1,forward,1,1434824,1436899,49276,3656851,NC_006070.1,ChrD,258,3633152,-,60,95.95969226902419,3660340
L6,contig_9,"GFP,WS",reverse,2,1967986,1971040,49276,3656851,NC_006070.1,ChrD,258,3633152,-,60,95.95969226902419,3660340
L7,contig_9,"GFP,MhFAR",forward,2,2016419,2019638,49276,3656851,NC_006070.1,ChrD,258,3633152,-,60,95.95969226902419,3660340
